City_ID,City,Lat,Lng,Max Temp,Humidity,Cloudiness,Wind Speed,Country,Date
0,mana,5.6592,-53.7767,299.23,88,85,3.79,GF,1702337262
1,port-aux-francais,-49.35,70.2167,278.88,98,99,10.77,TF,1702337055
2,bartica,6.4,-58.6167,300.33,85,88,1.81,GY,1702337263
3,nuuk,64.1835,-51.7216,274.49,86,100,18.01,GL,1702336973
4,stanley,54.868,-1.6985,272.33,94,40,0.51,GB,1702337019
5,grytviken,-54.2811,-36.5092,274.94,79,28,4.91,GS,1702337068
6,dhidhdhoo,6.8833,73.1,301.01,71,93,0.31,MV,1702337265
7,crane,31.3974,-102.3501,289.3,18,11,2.86,US,1702337046
8,bethel,41.3712,-73.414,277.7,64,100,7.2,US,1702336895
9,belmonte,-15.8631,-38.8828,299.31,81,83,5.52,BR,1702337101
10,marquard,-28.6645,27.4305,284.47,86,47,2.01,ZA,1702337267
11,georgetown,5.4112,100.3354,299.23,94,20,1.03,MY,1702337025
12,ushuaia,-54.8,-68.3,284.96,47,20,2.57,AR,1702337069
13,anadyr,64.75,177.4833,247.59,75,20,5.0,RU,1702337073
14,puerto ayora,-0.7393,-90.3518,298.19,79,63,3.56,EC,1702337079
15,tiksi,71.6872,128.8694,251.08,99,100,3.67,RU,1702337056
16,egilsstadir,65.2653,-14.3948,271.1,74,100,2.06,IS,1702337134
17,waitangi,-43.9535,-176.5597,288.05,90,100,4.02,NZ,1702337059
18,aasiaat,68.7098,-52.8699,272.15,77,100,5.26,GL,1702337271
19,zeya,53.75,127.2667,240.09,94,5,1.43,RU,1702337271
20,saipan,15.1355,145.701,302.54,74,40,5.66,MP,1702337086
21,puerto baquerizo moreno,-0.9,-89.6,298.7,83,75,5.14,EC,1702337077
22,olonkinbyen,70.9221,-8.7187,273.09,98,100,6.3,SJ,1702337060
23,bredasdorp,-34.5322,20.0403,290.44,85,52,5.76,ZA,1702337065
24,aur,8.1499,171.1687,300.99,75,80,8.92,MH,1702337273
25,isafjordur,66.0755,-23.124,268.57,81,91,1.39,IS,1702336818
26,quellon,-43.1167,-73.6167,284.24,88,100,2.81,CL,1702337067
27,vila velha,-20.3297,-40.2925,300.12,79,40,5.66,BR,1702337275
28,moranbah,-22.0016,148.0466,296.79,86,100,9.43,AU,1702337276
29,papatowai,-46.5619,169.4708,283.32,64,54,9.14,NZ,1702337065
30,avarua,-21.2078,-159.775,299.18,83,75,10.8,CK,1702337059
31,port mathurin,-19.6833,63.4167,299.04,76,90,2.39,MU,1702337068
32,thompson,55.7435,-97.8558,260.24,85,100,6.17,CA,1702337069
33,ilulissat,69.2167,-51.1,276.16,60,100,7.72,GL,1702337078
34,kununurra,-15.7667,128.7333,305.14,58,95,2.57,AU,1702337079
35,paka,4.6374,103.4368,300.11,89,40,1.54,MY,1702337279
36,adamstown,-25.066,-130.1015,294.85,60,1,1.41,PN,1702337055
37,utrik,11.2278,169.8474,300.3,71,21,9.14,MH,1702337076
38,lorengau,-2.0226,147.2712,302.31,79,96,5.18,PG,1702337086
39,biltine,14.5333,20.9167,292.01,25,40,4.83,TD,1702337281
40,yanam,16.7333,82.2167,293.9,89,18,1.44,IN,1702337281
41,kone,-21.0595,164.8658,302.58,44,82,1.52,NC,1702337282
42,vigan,17.5747,120.3869,297.81,82,41,1.86,PH,1702337283
43,pisco,-13.7,-76.2167,294.18,78,0,9.77,PE,1702337062
44,edinburgh of the seven seas,-37.0676,-12.3116,286.79,91,100,9.47,SH,1702337066
45,yerofey pavlovich,53.9667,121.9667,239.89,96,11,1.39,RU,1702337096
46,longyearbyen,78.2186,15.6401,267.06,68,75,4.63,SJ,1702336955
47,prieska,-29.6641,22.7474,292.78,45,0,1.62,ZA,1702337069
48,susuman,62.7833,148.1667,251.47,96,100,2.24,RU,1702337073
49,margaret river,-33.95,115.0667,291.9,61,0,4.32,AU,1702336839
50,syktyvkar,61.6764,50.8099,257.0,77,75,8.05,RU,1702337287
51,port elizabeth,-33.918,25.5701,290.55,92,20,6.17,ZA,1702337058
52,mawu,29.5923,107.3139,285.14,93,98,0.57,CN,1702337288
53,cabo san lucas,22.8909,-109.9124,300.71,60,0,2.06,MX,1702337076
54,hammerfest,70.6634,23.6821,271.4,93,75,4.12,NO,1702337014
55,namibe,-15.1961,12.1522,295.1,72,57,3.29,AO,1702337131
56,el charco,2.4769,-78.1105,299.19,90,67,1.99,CO,1702337290
57,okhotsk,59.3833,143.3,263.66,91,100,1.76,RU,1702337142
58,vernon,50.2581,-119.2691,277.38,88,60,0.45,CA,1702337291
59,shalqar,47.8333,59.6,249.78,54,0,8.29,KZ,1702337291
60,talcahuano,-36.7167,-73.1167,288.97,77,40,5.66,CL,1702337292
61,kodiak,57.79,-152.4072,272.88,59,0,6.69,US,1702336803
62,blackmans bay,-43.0167,147.3167,294.55,58,26,0.45,AU,1702337060
63,udachny,66.4167,112.4,248.3,97,100,3.83,RU,1702337092
64,twon-brass,4.3151,6.2418,300.96,75,18,4.61,NG,1702337140
65,kudahuvadhoo,2.6708,72.8944,301.22,74,33,2.91,MV,1702337294
66,west island,-12.1568,96.8225,299.14,78,40,2.57,CC,1702337063
67,tazacorte,28.629,-17.9293,293.69,50,0,3.58,ES,1702337295
68,banamba,13.55,-7.45,295.03,16,15,3.61,ML,1702337296
69,carnarvon,-24.8667,113.6333,299.32,31,0,2.88,AU,1702337296
70,rurrenabaque,-14.4413,-67.5278,298.14,89,99,1.08,BO,1702337297
71,forster,-32.1667,152.5167,299.98,63,9,2.85,AU,1702337298
72,itabirito,-20.2533,-43.8014,294.6,96,82,1.32,BR,1702337298
73,soio,-6.1349,12.3689,299.93,77,100,2.38,AO,1702337299
74,hawaiian paradise park,19.5933,-154.9731,299.28,88,100,2.24,US,1702337063
75,rio grande,-32.035,-52.0986,296.21,86,8,7.16,BR,1702337139
76,banfora,10.6333,-4.7667,297.7,14,0,1.98,BF,1702337139
77,iqaluit,63.7506,-68.5145,258.0,78,75,4.63,CA,1702337072
78,scottburgh,-30.2867,30.7532,292.66,91,100,2.1,ZA,1702337301
79,whitehorse,60.7161,-135.0538,274.58,69,75,7.2,CA,1702337059
80,gadzhiyevo,69.2551,33.3362,259.55,92,94,7.27,RU,1702337062
81,miasskoye,55.2784,61.8905,238.64,100,15,1.5,RU,1702337096
82,yellowknife,62.456,-114.3525,247.44,76,20,1.03,CA,1702337061
83,hermanus,-34.4187,19.2345,290.0,86,70,5.78,ZA,1702337064
84,gornyy,55.1153,83.9059,243.11,94,18,5.27,RU,1702337304
85,coronel suarez,-37.4547,-61.9334,301.36,29,24,6.81,AR,1702337114
86,kangding,30.0513,101.9603,275.61,83,43,0.8,CN,1702337305
87,kilindoni,-7.9139,39.6668,300.58,73,91,2.35,TZ,1702337306
88,khandyga,62.6667,135.6,239.42,99,100,0.21,RU,1702337306
89,invercargill,-46.4,168.35,284.29,53,64,8.94,NZ,1702337049
90,purpe,64.4803,76.6897,246.92,87,100,5.26,RU,1702337307
91,salinopolis,-0.6136,-47.3561,300.6,79,44,6.19,BR,1702337308
92,vila franca do campo,37.7167,-25.4333,286.38,82,100,2.49,PT,1702337130
93,punta arenas,-53.15,-70.9167,285.21,47,75,6.69,CL,1702337061
94,albany,42.6001,-73.9662,275.1,72,16,2.68,US,1702336786
95,kalmunai,7.4167,81.8167,297.86,91,98,2.87,LK,1702337309
96,touros,-5.1989,-35.4608,299.79,75,0,6.46,BR,1702337099
97,puerto natales,-51.7236,-72.4875,283.84,59,67,3.56,CL,1702337255
98,kamiiso,41.8167,140.65,272.36,93,75,1.54,JP,1702337311
99,dzuunmod,48.2199,97.3744,251.75,94,100,0.19,MN,1702337311
100,kingston,17.997,-76.7936,302.68,72,20,9.26,JM,1702337135
101,hithadhoo,-0.6,73.0833,300.76,78,51,2.76,MV,1702337075
102,remire-montjoly,4.9167,-52.2667,301.17,83,20,2.06,GF,1702337098
103,ribeira grande,38.5167,-28.7,286.91,80,6,0.89,PT,1702337061
104,siwa oasis,29.2041,25.5195,287.17,78,86,1.93,EG,1702337314
105,minas de marcona,-15.2119,-75.1103,290.47,76,10,6.03,PE,1702337129
106,al lagowa,11.4,29.1333,298.94,16,76,3.57,SD,1702337122
107,spring creek,40.7266,-115.5859,279.98,50,5,1.74,US,1702337315
108,xining,36.6167,101.7667,268.68,48,1,1.33,CN,1702337316
109,wailua homesteads,22.0669,-159.378,301.39,83,20,4.12,US,1702337061
110,yuzhno-kurilsk,44.0306,145.8556,273.91,76,100,4.36,RU,1702337317
111,whangarei,-35.7317,174.3239,290.59,57,80,5.51,NZ,1702337317
112,novyy urengoy,66.0833,76.6333,248.11,88,100,5.03,RU,1702337317
113,winburg,-28.518,27.0093,284.84,89,31,3.45,ZA,1702337318
114,kitimat,54.0524,-128.6534,274.09,65,82,0.16,CA,1702337318
115,kettering,39.6895,-84.1688,274.38,79,0,2.06,US,1702337319
116,kratie,12.4881,106.0188,292.45,93,40,1.72,KH,1702337320
117,afaahiti,-17.75,-149.2833,303.08,79,96,10.1,PF,1702337112
118,xilin hot,43.9667,116.0333,254.95,97,98,0.84,CN,1702337321
119,saint-joseph,-21.3667,55.6167,296.36,81,37,4.93,RE,1702337321
120,chaman,30.9236,66.4512,280.74,37,2,2.07,PK,1702337322
121,qaqortoq,60.7167,-46.0333,272.05,96,100,4.76,GL,1702337070
122,santa maria huatulco,15.8436,-96.3267,300.52,74,75,4.12,MX,1702337323
123,uturoa,-16.7333,-151.4333,300.11,76,83,9.08,PF,1702337064
124,howard springs,-12.497,131.047,304.75,87,90,1.13,AU,1702337325
125,severo-yeniseyskiy,60.3725,93.0408,232.91,100,72,0.45,RU,1702337325
126,naze,28.3667,129.4833,292.66,84,95,5.73,JP,1702337137
127,rongelap,11.1635,166.8941,300.8,77,73,9.01,MH,1702337327
128,teknaf,20.8624,92.3058,291.24,81,1,2.61,BD,1702337327
129,thai binh,20.45,106.3333,297.32,85,100,2.43,VN,1702337328
130,hovd,48.0056,91.6419,256.0,80,100,0.7,MN,1702337328
131,high point,35.9557,-80.0053,277.49,75,0,2.06,US,1702337285
132,la'ie,21.6477,-157.9253,302.13,73,18,2.68,US,1702337130
133,st. john's,47.5649,-52.7093,285.81,95,75,10.8,CA,1702337054
134,port-gentil,-0.7193,8.7815,300.13,89,75,2.06,GA,1702337121
135,prince rupert,54.3161,-130.3201,277.98,79,0,8.75,CA,1702337060
136,tulagi,-9.0996,160.1476,300.0,73,99,1.82,SB,1702337331
137,freetown,8.484,-13.2299,300.99,78,40,2.57,SL,1702337130
138,aioun,16.6614,-9.6149,295.21,14,2,4.9,MR,1702337332
139,ta`u,-14.2336,-169.5144,299.54,89,91,8.21,AS,1702337332
140,ajodhya,26.8,82.2,286.2,38,0,1.6,IN,1702337333
141,kapuskasing,49.4169,-82.4331,265.2,79,100,4.63,CA,1702337064
142,fisterra,42.9049,-9.2629,290.79,94,100,9.25,ES,1702337334
143,valparaiso,-33.0393,-71.6273,292.86,64,0,6.69,CL,1702337334
144,sisimiut,66.9395,-53.6735,272.18,92,100,8.53,GL,1702337122
145,alice springs,-23.7,133.8833,292.9,42,0,3.6,AU,1702337141
146,bilibino,68.0546,166.4372,252.88,95,100,1.61,RU,1702337062
147,bereznik,62.8551,42.7072,262.36,94,100,4.34,RU,1702337336
148,atafu village,-8.5421,-172.5159,301.68,80,100,11.06,TK,1702337073
149,linhares,-19.3911,-40.0722,298.33,67,98,2.94,BR,1702337337
150,nagqu,31.5,92.0,258.17,46,90,0.59,CN,1702337133
151,luau,-10.7073,22.2247,291.72,96,88,1.22,AO,1702337338
152,canutama,-6.5339,-64.3831,297.58,98,98,1.28,BR,1702337338
153,duyun,26.2667,107.5167,280.75,89,100,2.22,CN,1702337339
154,boende,-0.2167,20.8667,295.44,96,100,0.21,CD,1702337339
155,karabar,-35.3753,149.2308,298.66,63,75,5.14,AU,1702337340
156,nemuro,43.3236,145.575,275.11,70,100,7.15,JP,1702337132
157,eirunepe,-6.6603,-69.8736,299.9,81,68,0.55,BR,1702337341
158,ust-nera,64.5667,143.2,253.65,98,100,3.37,RU,1702337074
159,san luis de la loma,17.2706,-100.8939,301.94,67,98,2.02,MX,1702337127
160,kismayo,-0.3582,42.5454,300.21,80,100,4.84,SO,1702337343
161,letterkenny,54.95,-7.7333,280.98,96,100,4.8,IE,1702337117
162,spirit lake,43.4222,-95.1022,277.01,64,65,0.45,US,1702337344
163,mercedes,-34.6515,-59.4307,299.28,40,75,6.13,AR,1702337242
164,happy valley-goose bay,53.3168,-60.3315,272.32,86,100,2.06,CA,1702337097
165,lata,40.1629,-8.3327,289.3,90,100,2.04,PT,1702337127
166,grand-lahou,5.1367,-5.0242,299.9,83,25,3.01,CI,1702337345
167,pacific grove,36.6177,-121.9166,291.06,70,0,4.02,US,1702337346
168,ledeberg,51.0386,3.7446,281.81,96,1,2.54,BE,1702337346
169,tura,25.5198,90.2201,287.65,89,0,1.44,IN,1702337073
170,san fernando,15.0286,120.6898,299.0,85,84,1.72,PH,1702337347
171,tallahassee,30.4383,-84.2807,283.01,72,0,1.92,US,1702337348
172,nabire,-3.3667,135.4833,299.73,87,99,1.13,ID,1702337348
173,arno,60.1167,18.6333,271.36,83,100,5.76,SE,1702337349
174,puerto armuelles,8.2833,-82.8667,303.14,72,100,0.45,PA,1702337324
175,klyuchi,52.2667,79.1667,248.88,87,31,6.4,RU,1702337086
176,polyarnyy,69.1989,33.4478,260.19,91,96,6.91,RU,1702337093
177,barnard castle,54.5415,-1.919,273.33,95,68,1.98,GB,1702337351
178,fumel,44.4986,0.9651,283.7,93,100,1.98,FR,1702337351
179,juneau,58.3019,-134.4197,277.15,93,100,10.8,US,1702337342
180,itaituba,-4.2761,-55.9836,296.73,99,100,0.94,BR,1702337352
181,jamestown,42.097,-79.2353,273.92,75,100,3.6,US,1702336988
182,mejit,10.2753,170.8646,300.22,71,30,8.45,MH,1702336876
183,melekeok village,7.4957,134.6367,302.46,79,75,3.09,PW,1702337354
184,codrington,-38.2667,141.9667,298.52,60,87,5.5,AU,1702337090
185,ceres,37.5949,-120.9577,289.85,43,0,2.57,US,1702337355
186,coquimbo,-29.9533,-71.3436,290.0,77,0,4.12,CL,1702337093
187,san pedro pochutla,15.7333,-96.4667,300.99,58,79,2.18,MX,1702337356
188,constantia,44.1833,28.65,274.65,81,38,3.8,RO,1702337131
189,boyolangu,-8.1181,111.8935,298.06,81,100,0.5,ID,1702337357
190,laramie,41.3114,-105.5911,275.36,61,100,5.14,US,1702337055
191,shache,38.4167,77.2406,274.66,45,100,3.02,CN,1702337140
192,haiku-pauwela,20.9219,-156.3051,303.16,55,20,7.72,US,1702337111
193,de aar,-30.6497,24.0123,291.04,58,2,1.31,ZA,1702337358
194,petropavlovsk-kamchatsky,53.0452,158.6483,264.48,87,40,7.6,RU,1702337058
195,flying fish cove,-10.4217,105.6791,297.97,83,64,3.09,CX,1702337091
196,weno,7.4515,151.8468,300.12,94,100,2.06,FM,1702337079
197,meeuwen,51.0979,5.5194,282.23,87,75,3.6,BE,1702337360
198,talnakh,69.4865,88.3972,246.7,98,100,4.67,RU,1702337075
199,priargunsk,50.3691,119.1012,230.13,100,69,0.78,RU,1702337134
200,inirida,3.8653,-67.9239,300.05,78,76,0.42,CO,1702337362
201,sadovoye,47.7764,44.5089,269.77,75,100,10.32,RU,1702337362
202,zhangye,38.9342,100.4517,275.73,16,1,4.0,CN,1702337363
203,yelan'-koleno,51.1523,41.2306,267.06,94,100,9.41,RU,1702337363
204,san patricio,28.017,-97.5169,292.07,44,100,4.43,US,1702337123
205,dickinson,29.4608,-95.0513,289.2,57,0,4.63,US,1702337087
206,shahrisabz,39.0578,66.8342,275.86,98,100,1.9,UZ,1702337365
207,lebu,-37.6167,-73.65,287.88,76,100,2.72,CL,1702337084
208,powell,40.1578,-83.0752,274.97,77,100,0.0,US,1702337366
209,taupo,-38.6833,176.0833,289.33,49,22,7.72,NZ,1702337366
210,badger,64.8,-147.5333,267.08,82,100,4.63,US,1702337091
211,college,64.8569,-147.8028,267.12,77,100,4.63,US,1702337065
212,sebastian,35.1668,-94.2669,284.46,47,7,0.32,US,1702337367
213,trabzon,40.9167,39.8333,283.2,88,75,2.06,TR,1702337368
214,chonchi,-42.6128,-73.8092,286.71,92,100,2.21,CL,1702337099
215,isangel,-19.55,169.2667,300.21,61,75,6.17,VU,1702337090
216,bhit shah,25.8044,68.4927,291.29,26,9,1.06,PK,1702337369
217,bei'an,24.5399,109.533,285.61,80,100,5.39,CN,1702337370
218,westport,41.1415,-73.3579,278.46,65,100,5.14,US,1702337121
219,roshchino,60.2519,29.6085,266.03,95,100,3.42,RU,1702337371
220,ko pha ngan,9.7578,100.0291,298.53,76,38,3.59,TH,1702337371
221,la passe,45.5549,-0.8967,287.28,88,100,5.34,FR,1702337060
222,bridlington,54.0831,-0.1919,278.09,79,39,2.23,GB,1702337372
223,nadym,65.5333,72.5167,245.25,88,100,5.09,RU,1702337373
224,korla,41.7597,86.1469,269.52,63,72,1.87,CN,1702337063
225,mossel bay,-34.1831,22.146,290.46,80,0,4.37,ZA,1702337374
226,porto-vecchio,41.591,9.2795,293.89,88,100,9.26,FR,1702337375
227,al abyar,32.19,20.5965,288.11,77,53,6.04,LY,1702337375
228,tuy hoa,13.0833,109.3,295.86,91,52,1.63,VN,1702337376
229,vorgashor,67.5833,63.95,254.92,89,100,6.25,RU,1702337094
230,geraldton,-28.7667,114.6,301.38,20,0,5.14,AU,1702337058
231,adrar,20.5022,-10.0711,290.98,18,0,5.04,MR,1702337377
232,punta del este,-34.9667,-54.95,295.35,85,75,5.66,UY,1702337377
233,uzhur,55.3036,89.8339,240.63,100,43,1.14,RU,1702337378
234,katsuura,35.1333,140.3,287.16,91,100,9.74,JP,1702337378
235,bodo,67.28,14.405,268.58,77,9,10.29,NO,1702337379
236,kertih,4.5141,103.4483,300.16,89,40,1.54,MY,1702337379
237,hamilton,39.1834,-84.5333,275.91,72,0,2.06,US,1702336841
238,qui nhon,13.7667,109.2333,295.65,88,24,2.35,VN,1702337380
239,palmer,42.1584,-72.3287,277.51,64,40,6.69,US,1702336816
240,g'uzor,38.6214,66.2522,269.17,64,100,2.86,UZ,1702337381
241,gisborne,-38.6533,178.0042,292.78,44,0,4.13,NZ,1702337115
242,djebeniana,35.035,10.9081,286.04,50,27,4.33,TN,1702337382
243,battenberg,51.0167,8.65,280.91,90,97,3.93,DE,1702337383
244,puerto madryn,-42.7692,-65.0385,290.43,58,34,6.86,AR,1702337384
245,chibougamau,49.9168,-74.3659,263.94,86,100,4.12,CA,1702337110
246,safotu,-13.4513,-172.4018,300.34,88,91,4.35,WS,1702337385
247,port alfred,-33.5906,26.891,290.47,96,4,2.5,ZA,1702337076
248,kailua-kona,19.6406,-155.9956,302.19,80,40,4.12,US,1702337021
249,jiangyou,31.7667,104.7167,284.52,74,99,1.1,CN,1702337386
250,macheng,31.1783,115.0319,275.11,86,39,2.84,CN,1702337387
251,broken hill,-31.95,141.4333,299.6,41,46,1.94,AU,1702337124
252,guerrero negro,27.9769,-114.0611,294.37,35,74,4.48,MX,1702337069
253,fale old settlement,-9.3852,-171.2468,301.94,77,100,9.77,TK,1702337100
254,mount pearl,47.5166,-52.7813,285.34,95,75,10.8,CA,1702337389
255,ust'-uda,54.1742,103.0304,237.3,100,18,0.79,RU,1702337390
256,la gi,10.6667,107.7833,296.05,84,98,3.52,VN,1702337390
257,turpan,42.9333,89.1667,272.8,64,100,0.92,CN,1702337391
258,east london,-33.0153,27.9116,292.51,85,55,1.39,ZA,1702337076
259,abbeville,50.1,1.8333,283.13,95,63,3.21,FR,1702337367
260,nizhnyaya tavda,57.6731,66.1725,241.27,99,8,1.48,RU,1702337392
261,hajo,26.25,91.5333,289.17,94,20,0.0,IN,1702337393
262,al burayqah,30.4062,19.5739,292.73,63,58,9.98,LY,1702337393
263,berlin,52.5244,13.4105,281.16,90,75,7.72,DE,1702336806
264,cajabamba,-7.6167,-78.05,292.15,61,85,1.85,PE,1702337394
265,susanville,40.4163,-120.653,281.38,52,0,2.57,US,1702337394
266,ancud,-41.8697,-73.8203,284.95,82,100,5.31,CL,1702337089
267,port hueneme,34.1478,-119.1951,299.51,42,40,3.09,US,1702337277
268,queenstown,-31.8976,26.8753,288.11,81,40,0.72,ZA,1702337119
269,dudinka,69.4058,86.1778,248.53,98,100,6.26,RU,1702337101
270,zalingei,12.9096,23.4741,293.02,19,27,3.21,SD,1702337397
271,odoyev,53.9393,36.6864,268.61,94,100,5.76,RU,1702337398
272,nova sintra,14.8667,-24.7167,296.26,68,24,7.18,CV,1702337099
273,praia da vitoria,38.7333,-27.0667,287.29,82,20,5.64,PT,1702337140
274,al jawf,29.5,38.75,289.64,84,100,2.01,SA,1702337399
275,tarnogskiy gorodok,60.4997,43.5761,262.29,89,100,5.45,RU,1702337399
276,flin flon,54.7682,-101.865,264.06,62,75,8.23,CA,1702337400
277,bel ombre,-4.6167,55.4167,299.06,89,40,1.03,SC,1702337400
278,robore,-18.3333,-59.75,298.49,83,94,1.71,BO,1702337401
279,puerto santa,-8.9906,-78.6456,293.08,85,11,4.57,PE,1702337402
280,port lincoln,-34.7333,135.8667,292.64,57,72,5.91,AU,1702337086
281,namie,37.4833,141.0,284.1,94,100,4.16,JP,1702337411
282,joinville,-26.3044,-48.8456,293.76,94,20,1.03,BR,1702337412
283,arraial do cabo,-22.9661,-42.0278,296.13,94,75,1.54,BR,1702337106
284,monrovia,6.3005,-10.7969,299.02,80,37,1.5,LR,1702337413
285,jipijapa,-1.3333,-80.5833,298.87,84,79,2.76,EC,1702337413
286,santa ana de yacuma,-13.75,-65.4333,300.12,89,75,0.0,BO,1702337414
287,mitsamiouli,-11.3847,43.2844,300.55,73,92,4.86,KM,1702337415
288,mungwi,-10.1732,31.3694,291.13,94,100,0.76,ZM,1702337415
289,harstad,68.799,16.5293,271.57,92,68,1.64,NO,1702337416
290,fort st. john,56.2499,-120.8529,272.09,55,40,8.23,CA,1702337135
291,grahamstown,-33.3042,26.5328,287.01,94,7,2.08,ZA,1702337377
292,port moresby,-9.4431,147.1797,302.83,70,20,5.14,PG,1702337415
293,kuta,-8.7233,115.1723,300.12,83,20,3.13,ID,1702337083
294,pimenta bueno,-11.6725,-61.1936,298.45,86,84,1.11,BR,1702337201
295,centerville,39.6284,-84.1594,274.4,81,4,2.66,US,1702337420
296,trinidad,-14.8333,-64.9,301.14,83,75,2.06,BO,1702337144
297,amarwara,22.3,79.1667,286.69,67,50,0.3,IN,1702337421
298,inhambane,-23.865,35.3833,298.9,95,100,4.82,MZ,1702337422
299,lysyye gory,51.5506,44.8414,264.27,55,100,9.52,RU,1702337423
300,antsiranana,-12.2787,49.2917,298.61,83,19,4.79,MG,1702337072
301,sovetskaya gavan',48.9723,140.2878,251.54,77,27,4.92,RU,1702337424
302,al fuwayliq,26.4432,43.2534,289.39,27,100,4.62,SA,1702337424
303,salalah,17.0151,54.0924,295.2,28,0,3.09,OM,1702337425
304,toliara,-23.35,43.6667,297.98,72,50,2.83,MG,1702337426
305,keflavik,64.0049,-22.5624,271.39,80,20,2.57,IS,1702337074
306,mount gambier,-37.8333,140.7667,297.57,60,60,3.76,AU,1702336804
307,kiknur,57.3034,47.2011,257.94,84,100,7.96,RU,1702337428
308,dolinsk,47.35,142.8,262.44,78,88,1.39,RU,1702337429
309,roma,43.2128,-75.4557,274.24,76,100,7.72,US,1702337430
310,turkmenbasy,40.0222,52.9552,272.58,64,100,8.75,TM,1702337430
311,saudarkrokur,65.7461,-19.6394,269.16,91,100,0.52,IS,1702337431
312,kislyakovskaya,46.4417,39.675,275.4,82,100,8.65,RU,1702337431
313,mogocha,53.7333,119.7667,237.98,98,6,1.31,RU,1702337432
314,dunay,42.8803,132.3375,260.77,63,73,11.76,RU,1702337433
315,zhalantun,48.0,122.7167,247.47,90,35,2.32,CN,1702337433
316,suva,-18.1416,178.4415,300.86,61,20,4.63,FJ,1702337434
317,fort stockton,30.894,-102.8793,292.46,16,0,4.12,US,1702337435
318,pijijiapan,15.7011,-93.23,297.75,65,98,6.97,MX,1702337436
319,bukama,-9.2,25.85,294.84,97,100,0.5,CD,1702337436
320,pokhara,28.2333,83.9833,286.08,53,91,1.68,NP,1702337437
321,lazaro cardenas,17.9583,-102.2,302.39,58,78,2.72,MX,1702337120
322,luchegorsk,46.4764,134.2569,248.88,94,100,1.26,RU,1702337438
323,iskateley,67.6803,53.1512,258.89,91,100,8.12,RU,1702337063
324,lichinga,-13.3128,35.2406,292.2,88,40,3.09,MZ,1702337439
325,kutum,14.2,24.6667,289.42,23,75,5.26,SD,1702337439
326,pavilosta,56.8879,21.1859,272.1,97,100,3.67,LV,1702337440
327,port douglas,-16.4833,145.4667,304.12,60,68,1.87,AU,1702337440
328,chunskiy,56.0815,99.6342,240.19,100,25,0.25,RU,1702337441
329,vilyuchinsk,52.9306,158.4028,265.3,84,17,3.5,RU,1702337117
330,nizhnyaya poyma,56.1622,97.1933,237.52,100,42,0.7,RU,1702337442
331,san andres,12.5847,-81.7006,302.16,84,75,5.66,CO,1702337442
332,revda,56.801,59.9303,241.14,96,73,1.39,RU,1702337443
333,bol'shoye murashkino,55.7826,44.7754,261.84,92,100,9.42,RU,1702337443
334,zlatoust,55.1711,59.6508,239.25,93,32,1.61,RU,1702337444
335,kuala tungkal,-0.8167,103.4667,297.93,93,95,2.4,ID,1702337445
336,sao joao da barra,-21.6403,-41.0511,298.2,93,100,4.18,BR,1702337112
337,kyzylorda,44.8528,65.5092,251.16,64,0,6.0,KZ,1702337346
338,balotra,25.8333,72.2333,291.16,29,6,1.6,IN,1702337446
339,portland,45.5234,-122.6762,285.14,92,100,1.54,US,1702337109
340,masterton,-40.9597,175.6575,289.75,42,49,3.93,NZ,1702337447
341,hobyo,5.3505,48.5268,299.77,74,98,7.41,SO,1702337447
342,antonio enes,-16.2325,39.9086,299.05,82,66,3.26,MZ,1702337448
343,mil'kovo,55.6078,37.7956,267.83,93,100,6.57,RU,1702337448
344,sittwe,20.15,92.9,293.04,83,9,1.53,MM,1702337125
345,callao,-12.0667,-77.15,297.44,73,40,5.14,PE,1702336843
346,piton saint-leu,-21.2196,55.3151,295.21,69,40,2.57,RE,1702337449
347,paita,-5.0892,-81.1144,294.31,83,15,6.93,PE,1702337450
348,marti,22.9475,-80.9203,295.91,74,100,5.35,CU,1702337451
349,keetmanshoop,-26.5833,18.1333,295.66,28,0,2.06,NA,1702337451
350,yung shue wan,22.2333,114.1167,296.86,86,0,2.21,HK,1702337090
351,fort mcmurray,56.7268,-111.381,261.92,67,0,1.03,CA,1702337452
352,puerto colombia,10.9878,-74.9547,300.2,85,3,9.59,CO,1702337452
353,holualoa,19.6228,-155.9522,300.12,80,40,4.12,US,1702337084
354,rayachoti,14.05,78.75,292.2,96,82,1.32,IN,1702337453
355,nchelenge,-9.3451,28.734,295.22,86,100,1.68,ZM,1702337454
356,el alto,-4.2714,-81.2147,294.96,81,21,6.88,PE,1702337454
357,morsi,21.3392,78.0131,289.68,66,32,1.47,IN,1702337455
358,tinambac,13.8164,123.3261,300.6,80,72,3.47,PH,1702337456
359,san pedro,14.35,121.0167,301.1,81,20,3.13,PH,1702337456
360,sieradz,51.5958,18.7302,278.53,97,100,6.83,PL,1702337457
361,saint-leu,-21.15,55.2833,296.63,96,24,3.98,RE,1702337457
362,kerikeri,-35.2268,173.9474,294.77,62,26,2.24,NZ,1702337139
363,parakou,9.3372,2.6303,296.49,20,2,3.54,BJ,1702337458
364,hasaki,35.7333,140.8333,285.53,88,100,11.32,JP,1702337073
365,giyani,-23.3025,30.7187,293.68,98,100,2.25,ZA,1702337459
366,homer,59.6425,-151.5483,275.09,61,40,3.6,US,1702336980
367,bamboo flat,11.7,92.7167,300.2,83,40,1.03,IN,1702337126
368,fort scott,37.8398,-94.7083,283.1,44,0,3.26,US,1702337460
369,mukalla,14.5425,49.1242,295.85,67,41,1.74,YE,1702337075
370,kumertau,52.7667,55.7833,245.09,87,8,2.1,RU,1702337461
371,caleta de carquin,-11.0925,-77.6267,293.45,85,9,4.01,PE,1702337463
372,sujiatun,41.6592,123.3392,258.25,61,0,2.0,CN,1702337360
373,funadhoo,6.15,73.2667,300.33,79,93,3.87,MV,1702337465
374,kattivakkam,13.2167,80.3167,298.2,75,91,4.25,IN,1702337130
375,nuku'alofa,-21.1333,-175.2,302.34,58,20,5.14,TO,1702337466
376,ouarzazat,30.9189,-6.8934,287.31,30,0,1.54,MA,1702337466
377,lihue,21.9789,-159.3672,301.73,78,20,4.12,US,1702337118
378,enewetak,11.3474,162.3373,300.98,78,14,8.26,MH,1702337116
379,vallenar,-28.5708,-70.7581,296.28,43,0,1.49,CL,1702337468
380,trooz,50.5703,5.6938,282.14,93,75,4.12,BE,1702337468
381,colon,9.3592,-79.9014,298.66,88,39,2.24,PA,1702337470
382,puerto leguizamo,-0.1934,-74.7819,297.03,95,92,0.55,CO,1702337471
383,as sulayyil,20.4607,45.5779,288.29,28,43,3.06,SA,1702337119
384,dazhou,31.2159,107.5009,283.23,81,98,1.89,CN,1702337471
385,nzega,-2.479,29.5564,286.08,94,94,1.51,RW,1702337472
386,nar'yan-mar,67.6713,53.087,258.98,92,100,8.08,RU,1702337082
387,kongwa,-6.2,36.4167,292.55,93,99,1.38,TZ,1702337473
388,luderitz,-26.6481,15.1594,291.74,53,0,9.41,NA,1702337114
389,bandon,51.7469,-8.7425,282.92,92,100,3.87,IE,1702337474
390,ceeldheer,3.8488,47.1806,299.2,83,33,5.71,SO,1702337475
391,ouani,-12.1322,44.4258,300.38,80,81,5.13,KM,1702337475
392,kassala,15.451,36.4,299.21,30,83,2.96,SD,1702337476
393,mahanoro,-19.9,48.8,297.56,91,35,1.81,MG,1702337476
394,walvis bay,-22.9575,14.5053,289.68,88,18,4.12,NA,1702337068
395,puerto deseado,-47.7503,-65.8938,284.48,79,83,5.17,AR,1702337139
396,salahonda,2.1019,-78.7217,299.36,89,52,4.47,CO,1702337478
397,nanakuli,21.3906,-158.1547,302.12,68,75,5.66,US,1702337478
398,nyurba,63.2842,118.3319,243.48,98,100,2.46,RU,1702337479
399,wiradesa,-6.8922,109.619,299.84,70,84,2.52,ID,1702337480
400,padangsidempuan,1.3667,99.2667,295.34,98,100,0.12,ID,1702337480
401,richards bay,-28.783,32.0377,292.57,94,84,2.28,ZA,1702337060
402,lulea,65.5842,22.1547,265.19,93,100,2.06,SE,1702337482
403,oppdal,62.5943,9.6912,263.32,86,71,3.94,NO,1702337482
404,loen,7.7601,168.2307,301.02,74,73,8.81,MH,1702336876
405,shannon,52.7039,-8.8642,282.67,93,75,3.6,IE,1702337484
406,grand falls-windsor,48.9332,-55.6649,286.76,89,100,3.13,CA,1702337484
407,nekrasovskiy,56.0667,37.5,266.05,79,75,7.0,RU,1702337485
408,amahai,-3.3333,128.9167,302.17,69,92,1.94,ID,1702337486
409,pamekasan,-7.1568,113.4746,301.08,74,100,1.59,ID,1702337486
410,mont-laurier,46.5501,-75.4993,266.94,82,89,3.37,CA,1702337487
411,mumbwa,-14.9783,27.0619,292.51,85,100,1.83,ZM,1702337487
412,susangerd,31.5608,48.1831,293.14,30,89,1.66,IR,1702337488
413,chisec,15.8167,-90.2833,292.9,99,100,1.05,GT,1702337488
414,el dorado,38.7666,-120.5177,287.39,54,68,1.74,US,1702337291
415,kapoeta,4.7717,33.5903,303.49,34,63,5.01,SS,1702337489
416,goundam,16.4145,-3.6708,294.23,19,0,5.08,ML,1702337490
417,nadi,-17.8,177.4167,302.15,51,40,5.66,FJ,1702337143
418,sidney,-33.8679,151.2073,302.34,64,75,4.63,AU,1702337456
419,quesnel,52.9999,-122.5029,273.43,80,100,5.14,CA,1702337492
420,piti village,13.4626,144.6933,302.98,77,40,6.17,GU,1702337492
421,havre,49.5833,0.3333,285.02,87,100,3.09,FR,1702337493
422,gokwe,-18.2048,28.9349,293.02,80,90,2.88,ZW,1702337493
423,bejaia,36.7559,5.0843,285.75,82,0,5.14,DZ,1702337494
424,kloulklubed,7.0419,134.2556,302.43,79,91,5.14,PW,1702337494
425,codajas,-3.8367,-62.0569,297.13,98,100,0.59,BR,1702337495
426,urangan,-25.3,152.9,298.84,60,82,6.11,AU,1702337495
427,mocimboa,-11.3167,40.35,298.83,91,100,2.21,MZ,1702337496
428,santana,-0.0583,-51.1817,302.25,74,20,3.6,BR,1702337496
429,fada,9.5667,8.3,291.5,25,3,3.37,NG,1702337497
430,champerico,14.3,-91.9167,301.1,74,2,2.79,GT,1702337497
431,ronneby,56.21,15.276,274.43,100,100,4.63,SE,1702337498
432,tarko-sale,64.9225,77.785,246.53,89,100,4.65,RU,1702337133
433,scarborough,54.2797,-0.4044,275.88,92,39,2.03,GB,1702337364
434,la ronge,55.1001,-105.2842,261.29,61,20,6.17,CA,1702337096
435,huacho,-11.1067,-77.605,293.43,84,8,3.85,PE,1702337500
436,burgas,42.5061,27.4678,275.21,100,100,4.12,BG,1702337500
437,afua,-0.1567,-50.3867,298.35,90,91,2.6,BR,1702337501
438,kirensk,57.7853,108.1119,240.35,99,98,0.45,RU,1702337084
439,newnham,-41.3833,147.1333,294.63,64,99,2.57,AU,1702337502
440,kalabo,-14.97,22.6814,294.26,82,96,1.07,ZM,1702337502
441,guangyuan,32.442,105.823,279.39,78,1,0.91,CN,1702337503
442,saldanha,-33.0117,17.9442,289.18,90,63,8.9,ZA,1702337096
443,el bolson,-41.9667,-71.5167,283.94,98,99,1.81,AR,1702337503
444,pathein,16.7833,94.7333,295.29,91,10,2.41,MM,1702337131
445,fereydun kenar,36.6864,52.5225,286.61,79,100,5.1,IR,1702337504
446,yamada,39.4667,141.95,278.61,94,100,3.22,JP,1702337505
447,itoman,26.1247,127.6694,295.58,90,75,8.23,JP,1702337505
448,boa vista,2.8197,-60.6733,304.14,58,40,2.57,BR,1702337483
449,tianshui,34.5439,105.6897,271.45,64,2,3.0,CN,1702337506
450,akureyri,65.6835,-18.0878,264.11,92,20,0.0,IS,1702337100
451,saint-philippe,-21.3585,55.7679,296.92,81,61,4.62,RE,1702337074
452,laguna,38.421,-121.4238,290.43,46,0,2.06,US,1702337072
453,san antonio,29.4241,-98.4936,292.21,28,0,3.09,US,1702337400
454,benghazi,32.1167,20.0667,292.02,63,91,6.68,LY,1702337509
455,pokaran,26.9167,71.9167,290.83,24,30,2.44,IN,1702337509
456,tazovsky,67.4667,78.7,247.69,95,100,3.89,RU,1702337074
457,grand-bassam,5.2118,-3.7388,301.13,82,15,2.73,CI,1702337510
458,fortuna,40.5982,-124.1573,287.23,91,0,5.14,US,1702337511
459,karratha,-20.7377,116.8463,299.08,44,0,2.91,AU,1702337142
460,nanga eboko,4.6833,12.3667,292.83,68,63,0.64,CM,1702337512
461,yantzaza,-3.8278,-78.7594,294.37,98,47,0.45,EC,1702337512
462,sinop,41.7711,34.8709,280.2,83,99,1.05,TR,1702337513
463,fort dodge,42.4975,-94.168,277.05,56,0,2.57,US,1702337513
464,karukh,34.4811,62.5863,277.08,75,4,4.39,AF,1702337514
465,linxia chengguanzhen,35.6003,103.2064,272.48,40,2,1.41,CN,1702337514
466,kavaratti,10.5669,72.642,301.1,76,93,2.76,IN,1702337515
467,puerto maldonado,-12.6,-69.1833,299.37,83,75,1.54,PE,1702337515
468,rawson,-43.3002,-65.1023,290.55,49,62,2.47,AR,1702337451
469,mega,4.05,38.3,290.4,63,82,3.3,ET,1702337516
470,yarkovo,57.4028,67.0786,240.3,99,7,1.16,RU,1702337517
471,ola,59.5833,151.2833,265.5,89,100,5.14,RU,1702337081
472,buala,-8.145,159.5921,302.58,65,99,0.96,SB,1702337518
473,ulsteinvik,62.3432,5.8487,274.43,83,12,2.24,NO,1702337518
474,tan-tan,28.438,-11.1032,292.9,28,66,2.51,MA,1702337519
475,sandnessjoen,66.0217,12.6316,257.44,76,2,6.38,NO,1702337136
476,villa huidobro,-34.8383,-64.5869,302.81,24,6,8.07,AR,1702337520
477,newman,37.3138,-121.0208,289.95,45,96,2.24,US,1702337520
478,barra de santo antonio,-9.4047,-35.5072,297.75,77,3,6.42,BR,1702336871
479,sinabang,2.4803,96.3801,298.95,82,98,1.19,ID,1702337091
480,howrah,22.5892,88.3103,289.15,88,0,2.06,IN,1702337521
481,varennes-vauzelles,47.0168,3.1404,285.88,99,100,2.06,FR,1702337522
482,latakia,35.5148,35.7768,287.25,76,0,3.5,SY,1702337523
483,ortaca,36.8294,28.7708,284.04,100,40,2.06,TR,1702337523
484,el porvenir,13.7617,-87.3458,296.66,69,17,2.92,HN,1702337524
485,bubaque,11.2833,-15.8333,301.17,63,2,5.42,GW,1702337088
486,jabor,5.921,169.6434,299.85,87,99,7.7,MH,1702337525
487,sulak,43.2734,47.5146,277.11,79,100,16.37,RU,1702337525
488,ziguinchor,12.5833,-16.2719,295.26,52,0,2.69,SN,1702337526
489,pong,19.1493,100.2752,293.87,97,20,0.47,TH,1702337526
490,kapa'a,22.0752,-159.319,302.14,83,20,4.12,US,1702337077
491,rome,34.257,-85.1647,280.13,60,0,0.89,US,1702337526
492,beaufort,5.3473,115.7455,299.07,87,10,1.29,MY,1702337528
493,vadso,70.0744,29.7487,263.24,79,20,5.14,NO,1702337122
494,svetlograd,45.3353,42.8547,275.59,86,100,9.73,RU,1702337529
495,colonia,50.9333,6.95,282.57,82,100,3.09,DE,1702337127
496,machulishchy,53.7788,27.5948,271.03,98,100,5.71,BY,1702337530
497,eyl,7.9803,49.8164,297.93,72,81,7.52,SO,1702337109
498,harjavalta,61.3167,22.1333,266.0,95,97,2.78,FI,1702337531
499,uttarkashi,30.7333,78.45,280.48,24,7,2.67,IN,1702337531
500,mena,51.5217,32.2157,273.85,100,100,4.54,UA,1702337532
501,sfizef,35.2346,-0.2444,285.87,33,78,1.75,DZ,1702337532
502,nizhneudinsk,54.9076,99.0276,238.79,99,11,0.71,RU,1702337080
503,sola,-13.8833,167.55,299.57,62,99,6.93,VU,1702337533
504,katabu,-4.9333,122.5167,301.1,78,92,0.4,ID,1702337534
505,lompoc,34.6391,-120.4579,295.38,65,0,7.2,US,1702337097
506,swiebodzice,50.8598,16.3282,280.06,80,97,6.94,PL,1702337535
507,la mana,-0.9333,-79.2167,298.82,91,93,0.61,EC,1702337536
508,kuala terengganu,5.3302,103.1408,301.12,83,40,3.09,MY,1702337320
509,bouar,5.934,15.596,293.11,31,99,2.94,CF,1702337537
510,maceio,-9.6658,-35.7353,297.84,94,0,2.57,BR,1702337538
511,mujiayingzi,42.1167,118.7833,258.53,76,59,0.9,CN,1702337538
512,hueyapan,18.8667,-98.6667,289.25,68,100,2.31,MX,1702337539
513,awjilah,29.1081,21.2869,287.62,76,28,4.57,LY,1702337540
514,barra dos coqueiros,-10.9089,-37.0386,300.16,78,0,6.69,BR,1702337540
515,jiuquan,39.7432,98.5174,273.88,14,55,2.49,CN,1702337541
516,arkhangel'sk,64.5401,40.5433,259.21,77,40,3.0,RU,1702336807
517,ribeira brava,32.65,-17.0667,294.26,45,78,1.02,PT,1702337071
518,greenville,35.6127,-77.3663,279.16,82,0,0.0,US,1702337407
519,cromer,52.9312,1.2989,278.23,87,33,3.27,GB,1702337543
520,muurame,62.1333,25.6667,264.46,96,100,2.44,FI,1702337543
521,novodvinsk,64.4165,40.8122,259.01,94,100,3.1,RU,1702337544
522,mar del plata,-38.0023,-57.5575,295.28,88,0,13.86,AR,1702337146
523,devonport,-41.1667,146.35,293.76,78,100,0.45,AU,1702337545
524,hilo,19.7297,-155.09,299.4,90,100,2.06,US,1702337140
525,el granada,37.5027,-122.4694,291.09,64,0,6.69,US,1702337546
526,corner brook,48.9667,-57.9484,289.24,82,100,11.04,CA,1702337547
527,tolanaro,-25.0319,46.9987,298.19,94,20,3.09,MG,1702337055
528,rib mountain,44.9128,-89.6754,267.4,87,100,5.14,US,1702337548
529,santa cruz,-17.8,-63.1667,302.85,65,40,5.14,BO,1702337292
530,tralee,52.2704,-9.7026,280.78,94,100,2.22,IE,1702337075
531,tarrafal de sao nicolau,16.5667,-24.3667,298.1,64,16,4.98,CV,1702337550
532,pihuamo,19.2499,-103.3828,301.09,55,80,3.77,MX,1702337550
533,jiazi,22.8779,116.067,296.03,78,1,1.93,CN,1702337551
534,page,36.9147,-111.4558,280.03,32,0,0.89,US,1702337537
535,camargo,27.6667,-105.1667,289.7,23,2,1.91,MX,1702337552
536,santa isabel,-23.3156,-46.2214,294.99,93,94,2.27,BR,1702337103
537,vrede,-27.4257,29.1659,282.62,97,83,1.79,ZA,1702337553
538,labytnangi,66.6572,66.4183,247.47,98,100,3.5,RU,1702337553
539,sechura,-5.5569,-80.8222,296.09,70,13,7.34,PE,1702337554
540,maragogi,-9.0122,-35.2225,299.25,74,0,5.82,BR,1702337555
541,nova vicosa,-17.8919,-39.3719,298.83,82,81,7.74,BR,1702337069
542,puerto plata,19.7934,-70.6884,300.1,83,20,0.0,DO,1702337556
543,dauphin,51.1494,-100.0502,269.23,63,100,7.72,CA,1702337556
544,marsabit,2.3284,37.9899,293.06,66,94,4.5,KE,1702337557
545,kendari,-3.945,122.4989,298.84,91,99,1.14,ID,1702337393
546,pemangkat,1.1667,108.9667,300.27,81,97,3.39,ID,1702337558
547,cacule,-14.5033,-42.2222,298.26,29,36,2.58,BR,1702337558
548,sooke,48.3746,-123.7276,281.85,85,99,5.14,CA,1702337559
549,loushanguan,28.1375,106.82,284.08,94,88,1.24,CN,1702337559
550,baoshan,46.5586,131.4244,252.4,87,100,1.66,CN,1702337560
551,hami,42.8,93.45,270.22,57,100,2.79,CN,1702337096
552,ndola,-12.9587,28.6366,292.9,92,98,0.45,ZM,1702337561
553,port saint john's,-31.6229,29.5448,293.34,87,99,1.93,ZA,1702337079
554,tamandare,-8.7597,-35.1047,298.21,78,2,3.44,BR,1702337561
555,labrador city,52.9463,-66.9114,267.1,93,100,2.06,CA,1702337097
556,lakatoro,-16.0999,167.4164,300.84,58,100,4.82,VU,1702337562
557,arona,28.0996,-16.681,290.83,49,0,4.12,ES,1702337563
558,mariehamn,60.0973,19.9348,271.38,86,100,5.66,AX,1702337450
559,tocopilla,-22.092,-70.1979,294.43,66,50,2.83,CL,1702337514
560,ebon,4.582,168.6964,300.26,84,93,8.61,MH,1702337564
561,fort-de-france,14.6089,-61.0733,299.12,89,75,5.14,MQ,1702337565
562,shalkar,47.8288,59.6258,249.73,56,0,7.74,KZ,1702337565
563,manokwari,-0.8667,134.0833,300.68,73,100,2.23,ID,1702337116
564,okha,53.5739,142.9478,252.51,86,62,9.78,RU,1702337113
565,isanlu-itedoijowa,8.2667,5.8333,298.8,40,71,2.1,NG,1702337566
566,ubari,26.5921,12.7805,284.65,37,0,3.76,LY,1702337567
567,chandler,33.3062,-111.8412,295.97,18,0,2.06,US,1702337355
568,kuqa,41.7278,82.9364,270.75,55,85,1.14,CN,1702337568
569,palu,-0.8917,119.8707,301.29,78,57,0.44,ID,1702337568
570,nikel,69.4128,30.222,259.25,98,33,3.42,RU,1702337569
571,willows,39.5243,-122.1936,289.98,40,42,1.06,US,1702337408
